Lambda,Test Accuracy (%),Sparsity Level (%)
0.0,54.89,0.0
1e-05,55.41,35.81296350507416
5e-05,53.35,81.82041617876659
